{
  "net": "large",
  "scenario": "disrupted",
  "seed": 42,
  "n_journeys": 50,
  "elapsed_s": 42.47507047653198,
  "results": {
    "Static": {
      "mean": 73.36,
      "median": 76.0,
      "p95": 94.64999999999999,
      "timeout_pct": 0.0,
      "n_obs": 0.0,
      "wall_s": 18.10498023033142
    },
    "BAMCP-60": {
      "mean": 101.64,
      "median": 100.5,
      "p95": 170.99999999999994,
      "timeout_pct": 6.0,
      "n_obs": 90.02,
      "wall_s": 24.368337392807007
    }
  }
}