{
  "net": "large",
  "scenario": "normal",
  "seed": 42,
  "n_journeys": 50,
  "elapsed_s": 40.287174224853516,
  "results": {
    "Static": {
      "mean": 73.3,
      "median": 75.5,
      "p95": 97.39999999999998,
      "timeout_pct": 0.0,
      "n_obs": 0.0,
      "wall_s": 18.207282066345215
    },
    "BAMCP-60": {
      "mean": 77.34,
      "median": 78.0,
      "p95": 103.64999999999999,
      "timeout_pct": 0.0,
      "n_obs": 51.1,
      "wall_s": 22.07810068130493
    }
  }
}