{
  "net": "large",
  "scenario": "disrupted",
  "seed": 42,
  "n_journeys": 50,
  "elapsed_s": 45.54435443878174,
  "results": {
    "Static": {
      "mean": 73.36,
      "median": 76.0,
      "p95": 94.64999999999999,
      "timeout_pct": 0.0,
      "n_obs": 0.0,
      "wall_s": 24.94559645652771
    },
    "BAMCP-120": {
      "mean": 94.16,
      "median": 85.0,
      "p95": 148.55,
      "timeout_pct": 4.0,
      "n_obs": 83.78,
      "wall_s": 20.59690284729004
    }
  }
}