{
  "net": "large",
  "scenario": "normal",
  "seed": 42,
  "n_journeys": 50,
  "elapsed_s": 42.65798091888428,
  "results": {
    "Static": {
      "mean": 73.3,
      "median": 75.5,
      "p95": 97.39999999999998,
      "timeout_pct": 0.0,
      "n_obs": 0.0,
      "wall_s": 18.69445013999939
    },
    "BAMCP-240": {
      "mean": 73.66,
      "median": 70.5,
      "p95": 104.55,
      "timeout_pct": 0.0,
      "n_obs": 51.18,
      "wall_s": 23.961485862731934
    }
  }
}