{
  "net": "large",
  "scenario": "normal",
  "seed": 42,
  "n_journeys": 50,
  "elapsed_s": 40.92970895767212,
  "results": {
    "Static": {
      "mean": 73.3,
      "median": 75.5,
      "p95": 97.39999999999998,
      "timeout_pct": 0.0,
      "n_obs": 0.0,
      "wall_s": 18.494264841079712
    },
    "BAMCP-120": {
      "mean": 74.02,
      "median": 75.0,
      "p95": 97.74999999999999,
      "timeout_pct": 0.0,
      "n_obs": 49.36,
      "wall_s": 22.43384337425232
    }
  }
}