{
  "net": "large",
  "scenario": "disrupted",
  "seed": 42,
  "n_journeys": 50,
  "elapsed_s": 46.94114637374878,
  "results": {
    "Static": {
      "mean": 73.36,
      "median": 76.0,
      "p95": 94.64999999999999,
      "timeout_pct": 0.0,
      "n_obs": 0.0,
      "wall_s": 18.216043949127197
    },
    "BAMCP-240": {
      "mean": 101.34,
      "median": 101.0,
      "p95": 180.0,
      "timeout_pct": 8.0,
      "n_obs": 107.08,
      "wall_s": 28.72318124771118
    }
  }
}