{
  "net": "small",
  "scenario": "disrupted",
  "seed": 42,
  "n_journeys": 50,
  "elapsed_s": 14.404622793197632,
  "results": {
    "Static": {
      "mean": 77.52,
      "median": 73.0,
      "p95": 120.0,
      "timeout_pct": 12.0,
      "n_obs": 0.0,
      "wall_s": 6.817097187042236
    },
    "BAMCP-60": {
      "mean": 71.9,
      "median": 69.5,
      "p95": 91.55,
      "timeout_pct": 4.0,
      "n_obs": 59.76,
      "wall_s": 7.586827516555786
    }
  }
}