{
  "net": "small",
  "scenario": "disrupted",
  "seed": 42,
  "n_journeys": 50,
  "elapsed_s": 17.328233242034912,
  "results": {
    "Static": {
      "mean": 77.52,
      "median": 73.0,
      "p95": 120.0,
      "timeout_pct": 12.0,
      "n_obs": 0.0,
      "wall_s": 6.701170206069946
    },
    "BAMCP-240": {
      "mean": 70.7,
      "median": 68.0,
      "p95": 91.1,
      "timeout_pct": 4.0,
      "n_obs": 60.6,
      "wall_s": 10.626303434371948
    }
  }
}