{
  "net": "small",
  "scenario": "normal",
  "seed": 42,
  "n_journeys": 50,
  "elapsed_s": 17.60060977935791,
  "results": {
    "Static": {
      "mean": 65.5,
      "median": 65.5,
      "p95": 80.1,
      "timeout_pct": 0.0,
      "n_obs": 0.0,
      "wall_s": 6.399163484573364
    },
    "BAMCP-240": {
      "mean": 63.42,
      "median": 62.0,
      "p95": 81.74999999999999,
      "timeout_pct": 0.0,
      "n_obs": 44.3,
      "wall_s": 11.200529098510742
    }
  }
}