{
  "net": "small",
  "scenario": "normal",
  "seed": 42,
  "n_journeys": 50,
  "elapsed_s": 13.705611944198608,
  "results": {
    "Static": {
      "mean": 65.5,
      "median": 65.5,
      "p95": 80.1,
      "timeout_pct": 0.0,
      "n_obs": 0.0,
      "wall_s": 6.8249006271362305
    },
    "BAMCP-60": {
      "mean": 65.6,
      "median": 64.0,
      "p95": 88.64999999999999,
      "timeout_pct": 0.0,
      "n_obs": 45.74,
      "wall_s": 6.8800225257873535
    }
  }
}