{
  "net": "small",
  "scenario": "normal",
  "seed": 42,
  "n_journeys": 50,
  "elapsed_s": 15.267751693725586,
  "results": {
    "Static": {
      "mean": 65.5,
      "median": 65.5,
      "p95": 80.1,
      "timeout_pct": 0.0,
      "n_obs": 0.0,
      "wall_s": 6.9355199337005615
    },
    "BAMCP-120": {
      "mean": 64.06,
      "median": 61.5,
      "p95": 84.19999999999999,
      "timeout_pct": 0.0,
      "n_obs": 44.52,
      "wall_s": 8.331446409225464
    }
  }
}