{
  "net": "small",
  "scenario": "disrupted",
  "seed": 42,
  "n_journeys": 50,
  "elapsed_s": 15.0303795337677,
  "results": {
    "Static": {
      "mean": 77.52,
      "median": 73.0,
      "p95": 120.0,
      "timeout_pct": 12.0,
      "n_obs": 0.0,
      "wall_s": 6.28138279914856
    },
    "BAMCP-120": {
      "mean": 69.4,
      "median": 63.5,
      "p95": 108.74999999999993,
      "timeout_pct": 6.0,
      "n_obs": 64.56,
      "wall_s": 8.745007276535034
    }
  }
}