{
  "normal": {
    "CSA-MEAT": {
      "mean": 106.6,
      "std": 32.00843638792748,
      "median": 120.0,
      "p95": 120.0
    },
    "Static": {
      "mean": 106.6,
      "std": 32.00843638792748,
      "median": 120.0,
      "p95": 120.0
    },
    "LCB": {
      "mean": 79.0,
      "std": 45.60811331331301,
      "median": 120.0,
      "p95": 120.0
    },
    "DRO": {
      "mean": 83.9,
      "std": 44.45548335132574,
      "median": 120.0,
      "p95": 120.0
    }
  },
  "disrupted": {
    "CSA-MEAT": {
      "mean": 120.0,
      "std": 0.0,
      "median": 120.0,
      "p95": 120.0
    },
    "Static": {
      "mean": 120.0,
      "std": 0.0,
      "median": 120.0,
      "p95": 120.0
    },
    "LCB": {
      "mean": 120.0,
      "std": 0.0,
      "median": 120.0,
      "p95": 120.0
    },
    "DRO": {
      "mean": 120.0,
      "std": 0.0,
      "median": 120.0,
      "p95": 120.0
    }
  }
}