{
  "config": {
    "n_od_candidates": 20,
    "n_viable_ods": 18,
    "viability_threshold": 0.8,
    "seeds": [
      42,
      137,
      271,
      314,
      577
    ],
    "n_per_seed": 30,
    "n_total_per_cell": 150,
    "max_time": 120,
    "bootstrap_iters": 1000,
    "ci_level": 0.95
  },
  "paired_summary": {
    "normal": {
      "V1-LCB": {
        "vs_Static": {
          "reach_diff_pp": {
            "mean_diff": -0.0225925925925926,
            "median_diff": 0.0,
            "ci_lo": -0.05186111111111111,
            "ci_hi": -0.003703703703703709,
            "n_pairs": 18,
            "frac_positive": 0.0,
            "frac_negative": 0.3333333333333333
          },
          "reach_cohens_d": -0.38809026835426047,
          "cond_mean_diff_min": {
            "mean_diff": 2.160270606980325,
            "median_diff": 0.17999999999999972,
            "ci_lo": 0.5266276989549941,
            "ci_hi": 4.191023107329311,
            "n_pairs": 18,
            "frac_positive": 0.6666666666666666,
            "frac_negative": 0.3333333333333333
          },
          "cond_mean_cohens_d": 0.5248842813724992
        }
      },
      "V2-LCB": {
        "vs_Static": {
          "reach_diff_pp": {
            "mean_diff": -0.07814814814814815,
            "median_diff": 0.0,
            "ci_lo": -0.197787037037037,
            "ci_hi": -0.008148148148148158,
            "n_pairs": 18,
            "frac_positive": 0.0,
            "frac_negative": 0.3333333333333333
          },
          "reach_cohens_d": -0.3307491572735569,
          "cond_mean_diff_min": {
            "mean_diff": 1.551459438094514,
            "median_diff": 0.10666666666666558,
            "ci_lo": 0.2939480267231039,
            "ci_hi": 3.1457027063701144,
            "n_pairs": 17,
            "frac_positive": 0.6470588235294118,
            "frac_negative": 0.35294117647058826
          },
          "cond_mean_cohens_d": 0.5106966166798356
        }
      },
      "V3-Topo": {
        "vs_Static": {
          "reach_diff_pp": {
            "mean_diff": -0.07814814814814815,
            "median_diff": 0.0,
            "ci_lo": -0.197787037037037,
            "ci_hi": -0.008148148148148158,
            "n_pairs": 18,
            "frac_positive": 0.0,
            "frac_negative": 0.3333333333333333
          },
          "reach_cohens_d": -0.3307491572735569,
          "cond_mean_diff_min": {
            "mean_diff": 1.551459438094514,
            "median_diff": 0.10666666666666558,
            "ci_lo": 0.2939480267231039,
            "ci_hi": 3.1457027063701144,
            "n_pairs": 17,
            "frac_positive": 0.6470588235294118,
            "frac_negative": 0.35294117647058826
          },
          "cond_mean_cohens_d": 0.5106966166798356
        }
      },
      "DRO": {
        "vs_Static": {
          "reach_diff_pp": {
            "mean_diff": -0.014814814814814824,
            "median_diff": 0.0,
            "ci_lo": -0.030000000000000013,
            "ci_hi": -0.003333333333333336,
            "n_pairs": 18,
            "frac_positive": 0.0,
            "frac_negative": 0.2777777777777778
          },
          "reach_cohens_d": -0.49178773005498644,
          "cond_mean_diff_min": {
            "mean_diff": 1.6713814664303341,
            "median_diff": 0.0766666666666671,
            "ci_lo": 0.16460574261741306,
            "ci_hi": 3.706370431687873,
            "n_pairs": 18,
            "frac_positive": 0.6666666666666666,
            "frac_negative": 0.3333333333333333
          },
          "cond_mean_cohens_d": 0.4312801505273399
        }
      },
      "Adaptive-\u03b2": {
        "vs_Static": {
          "reach_diff_pp": {
            "mean_diff": -0.0225925925925926,
            "median_diff": 0.0,
            "ci_lo": -0.05186111111111111,
            "ci_hi": -0.003703703703703709,
            "n_pairs": 18,
            "frac_positive": 0.0,
            "frac_negative": 0.3333333333333333
          },
          "reach_cohens_d": -0.38809026835426047,
          "cond_mean_diff_min": {
            "mean_diff": 2.160270606980325,
            "median_diff": 0.17999999999999972,
            "ci_lo": 0.5266276989549941,
            "ci_hi": 4.191023107329311,
            "n_pairs": 18,
            "frac_positive": 0.6666666666666666,
            "frac_negative": 0.3333333333333333
          },
          "cond_mean_cohens_d": 0.5248842813724992
        }
      }
    },
    "disrupted": {
      "V1-LCB": {
        "vs_Static": {
          "reach_diff_pp": {
            "mean_diff": 0.041481481481481494,
            "median_diff": 0.0,
            "ci_lo": -0.05519444444444443,
            "ci_hi": 0.1492685185185185,
            "n_pairs": 18,
            "frac_positive": 0.2777777777777778,
            "frac_negative": 0.2777777777777778
          },
          "reach_cohens_d": 0.17599470206875803,
          "cond_mean_diff_min": {
            "mean_diff": -0.6178861425010763,
            "median_diff": -1.0132645541635945,
            "ci_lo": -3.4324887940327384,
            "ci_hi": 2.269487198613159,
            "n_pairs": 12,
            "frac_positive": 0.3333333333333333,
            "frac_negative": 0.6666666666666666
          },
          "cond_mean_cohens_d": -0.12279897401943243
        }
      },
      "V2-LCB": {
        "vs_Static": {
          "reach_diff_pp": {
            "mean_diff": 0.04148148148148148,
            "median_diff": 0.0,
            "ci_lo": -0.052601851851851844,
            "ci_hi": 0.14889814814814814,
            "n_pairs": 18,
            "frac_positive": 0.2222222222222222,
            "frac_negative": 0.3888888888888889
          },
          "reach_cohens_d": 0.17965041944094243,
          "cond_mean_diff_min": {
            "mean_diff": -1.153873810499425,
            "median_diff": 0.0,
            "ci_lo": -3.304869708213663,
            "ci_hi": 0.47622966681030265,
            "n_pairs": 11,
            "frac_positive": 0.45454545454545453,
            "frac_negative": 0.45454545454545453
          },
          "cond_mean_cohens_d": -0.33615228141636655
        }
      },
      "V3-Topo": {
        "vs_Static": {
          "reach_diff_pp": {
            "mean_diff": 0.04148148148148148,
            "median_diff": 0.0,
            "ci_lo": -0.052601851851851844,
            "ci_hi": 0.14889814814814814,
            "n_pairs": 18,
            "frac_positive": 0.2222222222222222,
            "frac_negative": 0.3888888888888889
          },
          "reach_cohens_d": 0.17965041944094243,
          "cond_mean_diff_min": {
            "mean_diff": -1.153873810499425,
            "median_diff": 0.0,
            "ci_lo": -3.304869708213663,
            "ci_hi": 0.47622966681030265,
            "n_pairs": 11,
            "frac_positive": 0.45454545454545453,
            "frac_negative": 0.45454545454545453
          },
          "cond_mean_cohens_d": -0.33615228141636655
        }
      },
      "DRO": {
        "vs_Static": {
          "reach_diff_pp": {
            "mean_diff": 0.04962962962962963,
            "median_diff": 0.0,
            "ci_lo": -0.04074074074074073,
            "ci_hi": 0.15407407407407406,
            "n_pairs": 18,
            "frac_positive": 0.2777777777777778,
            "frac_negative": 0.2777777777777778
          },
          "reach_cohens_d": 0.22435981808686004,
          "cond_mean_diff_min": {
            "mean_diff": -1.6548874565694434,
            "median_diff": -1.4414354727398226,
            "ci_lo": -4.311411790097864,
            "ci_hi": 1.3423226925499672,
            "n_pairs": 12,
            "frac_positive": 0.25,
            "frac_negative": 0.75
          },
          "cond_mean_cohens_d": -0.3275601592071828
        }
      },
      "Adaptive-\u03b2": {
        "vs_Static": {
          "reach_diff_pp": {
            "mean_diff": 0.041481481481481494,
            "median_diff": 0.0,
            "ci_lo": -0.05519444444444443,