{
  "normal": {
    "Static": {
      "mean": 98.3,
      "median": 120.0,
      "p95": 120.0,
      "std": 39.4902097571875,
      "timeouts": 23,
      "n": 30,
      "improvement_pct": 0.0
    },
    "V1-LCB": {
      "mean": 69.66666666666667,
      "median": 36.5,
      "p95": 120.0,
      "std": 44.31804247582342,
      "timeouts": 13,
      "n": 30,
      "improvement_pct": 29.12851814174296
    },
    "V2-LCB": {
      "mean": 69.66666666666667,
      "median": 36.5,
      "p95": 120.0,
      "std": 44.31804247582342,
      "timeouts": 13,
      "n": 30,
      "improvement_pct": 29.12851814174296
    },
    "V3-Topo": {
      "mean": 69.66666666666667,
      "median": 36.5,
      "p95": 120.0,
      "std": 44.31804247582342,
      "timeouts": 13,
      "n": 30,
      "improvement_pct": 29.12851814174296
    },
    "DRO": {
      "mean": 78.6,
      "median": 120.0,
      "p95": 120.0,
      "std": 44.50662871977612,
      "timeouts": 16,
      "n": 30,
      "improvement_pct": 20.04069175991862
    },
    "Adaptive-\u03b2": {
      "mean": 69.66666666666667,
      "median": 36.5,
      "p95": 120.0,
      "std": 44.31804247582342,
      "timeouts": 13,
      "n": 30,
      "improvement_pct": 29.12851814174296
    }
  },
  "disrupted": {
    "Static": {
      "mean": 120.0,
      "median": 120.0,
      "p95": 120.0,
      "std": 0.0,
      "timeouts": 30,
      "n": 30,
      "improvement_pct": 0.0
    },
    "V1-LCB": {
      "mean": 120.0,
      "median": 120.0,
      "p95": 120.0,
      "std": 0.0,
      "timeouts": 30,
      "n": 30,
      "improvement_pct": 0.0
    },
    "V2-LCB": {
      "mean": 120.0,
      "median": 120.0,
      "p95": 120.0,
      "std": 0.0,
      "timeouts": 30,
      "n": 30,
      "improvement_pct": 0.0
    },
    "V3-Topo": {
      "mean": 120.0,
      "median": 120.0,
      "p95": 120.0,
      "std": 0.0,
      "timeouts": 30,
      "n": 30,
      "improvement_pct": 0.0
    },
    "DRO": {
      "mean": 120.0,
      "median": 120.0,
      "p95": 120.0,
      "std": 0.0,
      "timeouts": 30,
      "n": 30,
      "improvement_pct": 0.0
    },
    "Adaptive-\u03b2": {
      "mean": 120.0,
      "median": 120.0,
      "p95": 120.0,
      "std": 0.0,
      "timeouts": 30,
      "n": 30,
      "improvement_pct": 0.0
    }
  }
}