{
  "no_disruption": {
    "Static": {
      "mean": 64.95,
      "median": 64.5,
      "p95": 80.05,
      "std": 9.258914623215833,
      "timeouts": 0,
      "n": 100,
      "improvement_pct": 0.0
    },
    "V1-LCB": {
      "mean": 65.45,
      "median": 64.5,
      "p95": 84.05,
      "std": 10.741857381291188,
      "timeouts": 0,
      "n": 100,
      "improvement_pct": -0.7698229407236334
    },
    "V2-LCB": {
      "mean": 65.12,
      "median": 65.0,
      "p95": 87.05,
      "std": 11.352779395372746,
      "timeouts": 0,
      "n": 100,
      "improvement_pct": -0.261739799846038
    },
    "DRO": {
      "mean": 64.08,
      "median": 63.0,
      "p95": 86.0,
      "std": 10.763531019140514,
      "timeouts": 0,
      "n": 100,
      "improvement_pct": 1.3394919168591293
    },
    "Adaptive-\u03b2": {
      "mean": 63.46,
      "median": 62.5,
      "p95": 83.0,
      "std": 10.382119244162052,
      "timeouts": 0,
      "n": 100,
      "improvement_pct": 2.294072363356431
    }
  },
  "disrupted_402": {
    "Static": {
      "mean": 89.88,
      "median": 70.5,
      "p95": 180.0,
      "std": 42.99657660791147,
      "timeouts": 18,
      "n": 100,
      "improvement_pct": 0.0
    },
    "V1-LCB": {
      "mean": 72.12,
      "median": 70.0,
      "p95": 90.05,
      "std": 18.871820261967315,
      "timeouts": 2,
      "n": 100,
      "improvement_pct": 19.759679572763673
    },
    "V2-LCB": {
      "mean": 75.52,
      "median": 70.0,
      "p95": 180.0,
      "std": 28.14373109592969,
      "timeouts": 6,
      "n": 100,
      "improvement_pct": 15.9768580329328
    },
    "DRO": {
      "mean": 77.7,
      "median": 71.0,
      "p95": 180.0,
      "std": 27.889962352072118,
      "timeouts": 6,
      "n": 100,
      "improvement_pct": 13.551401869158871
    },
    "Adaptive-\u03b2": {
      "mean": 77.26,
      "median": 70.0,
      "p95": 180.0,
      "std": 29.952836259693335,
      "timeouts": 7,
      "n": 100,
      "improvement_pct": 14.040943480195805
    }
  },
  "rush_hour": {
    "Static": {
      "mean": 101.04,
      "median": 101.0,
      "p95": 117.05,
      "std": 8.485187092810623,
      "timeouts": 0,
      "n": 100,
      "improvement_pct": 0.0
    },
    "V1-LCB": {
      "mean": 100.74,
      "median": 101.0,
      "p95": 115.0,
      "std": 8.431630921713781,
      "timeouts": 0,
      "n": 100,
      "improvement_pct": 0.296912114014263
    },
    "V2-LCB": {
      "mean": 101.42,
      "median": 102.0,
      "p95": 114.0,
      "std": 8.603696879830204,
      "timeouts": 0,
      "n": 100,
      "improvement_pct": -0.37608867775138105
    },
    "DRO": {
      "mean": 100.71,
      "median": 101.0,
      "p95": 114.05,
      "std": 8.495051500726762,
      "timeouts": 0,
      "n": 100,
      "improvement_pct": 0.3266033254156893
    },
    "Adaptive-\u03b2": {
      "mean": 98.92,
      "median": 100.0,
      "p95": 110.0,
      "std": 8.140859905439966,
      "timeouts": 0,
      "n": 100,
      "improvement_pct": 2.0981789390340504
    }
  },
  "multi_shift": {
    "Static": {
      "mean": 106.51,
      "median": 85.0,
      "p95": 180.0,
      "std": 44.32956011511957,
      "timeouts": 26,
      "n": 100,
      "improvement_pct": 0.0
    },
    "V1-LCB": {
      "mean": 84.92,
      "median": 79.5,
      "p95": 180.0,
      "std": 25.99102922163722,
      "timeouts": 6,
      "n": 100,
      "improvement_pct": 20.27039714580791
    },
    "V2-LCB": {
      "mean": 93.42,
      "median": 80.5,
      "p95": 180.0,
      "std": 36.03669796193874,
      "timeouts": 14,
      "n": 100,
      "improvement_pct": 12.289925828560701
    },
    "DRO": {
      "mean": 87.56,
      "median": 79.0,
      "p95": 180.0,
      "std": 30.415890583706407,
      "timeouts": 9,
      "n": 100,
      "improvement_pct": 17.791756642568775
    },
    "Adaptive-\u03b2": {
      "mean": 92.41,
      "median": 79.0,
      "p95": 180.0,
      "std": 36.437918436705466,
      "timeouts": 14,
      "n": 100,
      "improvement_pct": 13.238193596845374
    }
  }
}