{
  "seed_offset": 1,
  "results": {
    "Static": {
      "mean": 58.954978874354374,
      "delta_pct": 0.0,
      "early": 3.2295604694025912,
      "late": 3.153647972337162,
      "during": 129.88354396646403,
      "after": 3.252722809479183
    },
    "React-UCB": {
      "mean": 15.195334786672632,
      "delta_pct": -74.22552755203742,
      "early": 3.115365392436538,
      "late": 4.207870855075918,
      "during": 29.4024057692348,
      "after": 4.252581805890689
    },
    "TS": {
      "mean": 34.57276530750025,
      "delta_pct": -41.35734425215862,
      "early": 3.337699325600039,
      "late": 4.132277533658345,
      "during": 73.56847584735081,
      "after": 4.260945526393542
    },
    "V1-LCB": {
      "mean": 19.17367887605596,
      "delta_pct": -67.47742219207787,
      "early": 3.2894189981362643,
      "late": 4.442665210829221,
      "during": 38.40636469774116,
      "after": 4.533308564980143
    },
    "V2-LCB": {
      "mean": 27.210369991395932,
      "delta_pct": -53.84550972465442,
      "early": 3.6537006571468438,
      "late": 4.326641815761475,
      "during": 56.60896964579015,
      "after": 4.399187390501182
    },
    "Hybrid": {
      "mean": 19.639620555413092,
      "delta_pct": -66.68708745147833,
      "early": 3.4367004075652785,
      "late": 4.2445881817221345,
      "during": 39.49213541115906,
      "after": 4.389877108388842
    },
    "Flow-LCB": {
      "mean": 19.670239593390534,
      "delta_pct": -66.63515114590744,
      "early": 3.418982986071378,
      "late": 4.170941160637762,
      "during": 39.62357058763546,
      "after": 4.293646296990928
    },
    "Adapt-\u03b2": {
      "mean": 19.16640898352141,
      "delta_pct": -67.48975345344603,
      "early": 3.291385855141269,
      "late": 4.430009435379307,
      "during": 38.42060213728649,
      "after": 4.497318816754122
    }
  }
}