{
  "seed_offset": 4,
  "results": {
    "Static": {
      "mean": 140.7279559329282,
      "delta_pct": 0.0,
      "early": 3.254493976596879,
      "late": 3.0589317059257715,
      "during": 257.98149604370286,
      "after": 3.04729270792456
    },
    "React-UCB": {
      "mean": 18.231544674716503,
      "delta_pct": -87.0448308910237,
      "early": 3.134231397080997,
      "late": 3.7488793958348503,
      "during": 30.935021470653442,
      "after": 3.7578924667064832
    },
    "TS": {
      "mean": 50.98101445583169,
      "delta_pct": -63.773356816090235,
      "early": 3.308813861697227,
      "late": 3.688244333168124,
      "during": 91.57020399804205,
      "after": 3.6365932921033473
    },
    "V1-LCB": {
      "mean": 41.02676402841241,
      "delta_pct": -70.84675624225936,
      "early": 3.3627217171587334,
      "late": 3.711276717919857,
      "during": 73.09288405361156,
      "after": 3.653223375690237
    },
    "V2-LCB": {
      "mean": 41.71138163067011,
      "delta_pct": -70.36027322776577,
      "early": 3.8291466011421607,
      "late": 3.703029452639371,
      "during": 74.12187044529162,
      "after": 3.6811658353629566
    },
    "Hybrid": {
      "mean": 50.45122733438984,
      "delta_pct": -64.14981870522215,
      "early": 3.372241086209639,
      "late": 3.8665514733748383,
      "during": 90.52600676939782,
      "after": 3.8210128129314676
    },
    "Flow-LCB": {
      "mean": 50.45122733438984,
      "delta_pct": -64.14981870522215,
      "early": 3.372241086209639,
      "late": 3.8665514733748383,
      "during": 90.52600676939782,
      "after": 3.8210128129314676
    },
    "Adapt-\u03b2": {
      "mean": 47.0862398341128,
      "delta_pct": -66.54094808528706,
      "early": 3.2758727054748746,
      "late": 3.6695642062035203,
      "during": 84.28696834027188,
      "after": 3.593876276958445
    }
  }
}