{
  "seed_offset": 2,
  "results": {
    "Static": {
      "mean": 12.276863726518043,
      "delta_pct": 0.0,
      "early": 2.931515656616346,
      "late": 3.0248020765078056,
      "during": 17.75145558518089,
      "after": 2.890221454741321
    },
    "React-UCB": {
      "mean": 3.729798720529035,
      "delta_pct": -69.61928711098533,
      "early": 2.8988766016106977,
      "late": 3.093429110446747,
      "during": 4.161883650476083,
      "after": 2.9448105249814875
    },
    "TS": {
      "mean": 7.430023945445338,
      "delta_pct": -39.47946225552316,
      "early": 2.994288174470751,
      "late": 3.4290601004371615,
      "during": 9.987577819383358,
      "after": 3.194195653248532
    },
    "V1-LCB": {
      "mean": 4.6431990786579505,
      "delta_pct": -62.179273289247035,
      "early": 3.1096856836478834,
      "late": 3.5869954339407677,
      "during": 5.497173302019961,
      "after": 3.209557648001747
    },
    "V2-LCB": {
      "mean": 3.656448107170606,
      "delta_pct": -70.21675740138198,
      "early": 3.44626721865036,
      "late": 3.34682575453036,
      "during": 3.789153154816237,
      "after": 3.172499727718655
    },
    "Hybrid": {
      "mean": 4.58262317208073,
      "delta_pct": -62.672688447439086,
      "early": 3.242047028489818,
      "late": 3.4357862682792435,
      "during": 5.398954975451103,
      "after": 3.094726917024335
    },
    "Flow-LCB": {
      "mean": 4.58262317208073,
      "delta_pct": -62.672688447439086,
      "early": 3.242047028489818,
      "late": 3.4357862682792435,
      "during": 5.398954975451103,
      "after": 3.094726917024335
    },
    "Adapt-\u03b2": {
      "mean": 4.561234091909344,
      "delta_pct": -62.84691112065477,
      "early": 3.1113471729060356,
      "late": 3.3971028647348427,
      "during": 5.384790487352799,
      "after": 3.0737518300480207
    }
  }
}