{
  "seed_offset": 6,
  "results": {
    "Static": {
      "mean": 93.42826259891466,
      "delta_pct": 0.0,
      "early": 3.127597842543544,
      "late": 332.2409367156476,
      "during": 303.90226549168176,
      "after": 0.0
    },
    "React-UCB": {
      "mean": 46.222554377111855,
      "delta_pct": -50.52615440838903,
      "early": 3.0832841852435524,
      "late": 93.84234395618,
      "during": 146.73970708290747,
      "after": 0.0
    },
    "TS": {
      "mean": 57.155251131382514,
      "delta_pct": -38.82445253557945,
      "early": 3.2366493620969257,
      "late": 113.65332483770533,
      "during": 183.12790014190153,
      "after": 0.0
    },
    "V1-LCB": {
      "mean": 48.67647412559603,
      "delta_pct": -47.89962611788791,
      "early": 3.092454872002266,
      "late": 103.67259521592841,
      "during": 154.9336905498204,
      "after": 0.0
    },
    "V2-LCB": {
      "mean": 67.48118043283017,
      "delta_pct": -27.772198095425043,
      "early": 3.6620742866924907,
      "late": 188.29032401894273,
      "during": 216.36685086212108,
      "after": 0.0
    },
    "Hybrid": {
      "mean": 47.76353241905913,
      "delta_pct": -48.876784079666706,
      "early": 3.2024522611149697,
      "late": 103.78728758977809,
      "during": 151.65901686992717,
      "after": 0.0
    },
    "Flow-LCB": {
      "mean": 47.76353241905913,
      "delta_pct": -48.876784079666706,
      "early": 3.2024522611149697,
      "late": 103.78728758977809,
      "during": 151.65901686992717,
      "after": 0.0
    },
    "Adapt-\u03b2": {
      "mean": 52.80457329294693,
      "delta_pct": -43.481156746288086,
      "early": 3.196948247087679,
      "late": 138.82215315020352,
      "during": 168.41233792089938,
      "after": 0.0
    }
  }
}