{
  "seed_offset": 7,
  "results": {
    "Static": {
      "mean": 88.98235320560175,
      "delta_pct": 0.0,
      "early": 3.0257119770491303,
      "late": 3.012506380465515,
      "during": 248.54528796034882,
      "after": 3.043148854000876
    },
    "React-UCB": {
      "mean": 36.38854201300114,
      "delta_pct": -59.10588931164572,
      "early": 2.9420418613427275,
      "late": 4.071381470881397,
      "during": 97.42556185059894,
      "after": 4.189396694714992
    },
    "TS": {
      "mean": 53.08285349703583,
      "delta_pct": -40.34451598017069,
      "early": 3.1338824105221432,
      "late": 3.7118640039405264,
      "during": 145.35718376538705,
      "after": 3.828789416913017
    },
    "V1-LCB": {
      "mean": 58.2811142656111,
      "delta_pct": -34.50261521973089,
      "early": 3.337674620331805,
      "late": 3.9153594419707565,
      "during": 159.8098097207063,
      "after": 4.022468725413411
    },
    "V2-LCB": {
      "mean": 41.43048261382139,
      "delta_pct": -53.439664021817315,
      "early": 3.5945420731471267,
      "late": 3.7870093914659835,
      "during": 111.42942593927987,
      "after": 3.912325964647718
    },
    "Hybrid": {
      "mean": 49.813960314504705,
      "delta_pct": -44.01815807297762,
      "early": 3.3197803969009776,
      "late": 3.9005068374820375,
      "during": 135.64640249854062,
      "after": 3.998949482816196
    },
    "Flow-LCB": {
      "mean": 52.29564478963241,
      "delta_pct": -41.22919555881085,
      "early": 3.3197803969009776,
      "late": 3.913580048081296,
      "during": 142.70464238395755,
      "after": 4.028095497289293
    },
    "Adapt-\u03b2": {
      "mean": 57.272338404949224,
      "delta_pct": -35.63629602757715,
      "early": 3.2793440330316352,
      "late": 3.9107065794329534,
      "during": 156.94990835078792,
      "after": 4.016405493139285
    }
  }
}