{
  "seed_offset": 3,
  "results": {
    "Static": {
      "mean": 97.10847025180445,
      "delta_pct": 0.0,
      "early": 3.564205822395478,
      "late": 68.26714174071529,
      "during": 202.6786141341422,
      "after": 3.720992907643645
    },
    "React-UCB": {
      "mean": 11.822614436859176,
      "delta_pct": -87.82535199431845,
      "early": 3.4175509851261294,
      "late": 3.937282726642876,
      "during": 21.12358678702344,
      "after": 4.260188243077945
    },
    "TS": {
      "mean": 23.903881670491618,
      "delta_pct": -75.38434947177284,
      "early": 3.605385785870922,
      "late": 14.509056670941316,
      "during": 46.76648772728653,
      "after": 5.034780188938164
    },
    "V1-LCB": {
      "mean": 31.87099162601579,
      "delta_pct": -67.18000855808603,
      "early": 3.668714266960662,
      "late": 19.345958106646492,
      "during": 63.650179032145076,
      "after": 5.039226160881924
    },
    "V2-LCB": {
      "mean": 29.63287765441736,
      "delta_pct": -69.48476525520519,
      "early": 3.952680928797431,
      "late": 9.413129720190454,
      "during": 58.61073145235063,
      "after": 4.94669668817916
    },
    "Hybrid": {
      "mean": 30.371399430732527,
      "delta_pct": -68.72425304200674,
      "early": 3.668714266960662,
      "late": 19.33500939213084,
      "during": 60.455093217315984,
      "after": 4.97227700293692
    },
    "Flow-LCB": {
      "mean": 30.371399430732527,
      "delta_pct": -68.72425304200674,
      "early": 3.668714266960662,
      "late": 19.33500939213084,
      "during": 60.455093217315984,
      "after": 4.97227700293692
    },
    "Adapt-\u03b2": {
      "mean": 32.85279753831041,
      "delta_pct": -66.16896811048267,
      "early": 3.6524627866076442,
      "late": 24.34386924159522,
      "during": 65.75006470553548,
      "after": 5.039621751805162
    }
  }
}