{
  "seed_offset": 5,
  "results": {
    "Static": {
      "mean": 53.076900144135436,
      "delta_pct": 0.0,
      "early": 3.1497432084731494,
      "late": 3.1893744343451944,
      "during": 122.02783340005821,
      "after": 3.149110042621731
    },
    "React-UCB": {
      "mean": 6.6565491359805655,
      "delta_pct": -87.45867012221123,
      "early": 3.109147586945551,
      "late": 3.6569206765785416,
      "during": 10.870823167131395,
      "after": 3.7330034205592466
    },
    "TS": {
      "mean": 14.990542707814354,
      "delta_pct": -71.756936318613,
      "early": 3.2146021107346683,
      "late": 3.894111040086469,
      "during": 30.485837238425347,
      "after": 3.9149701675935296
    },
    "V1-LCB": {
      "mean": 7.143188769920923,
      "delta_pct": -86.54181244473037,
      "early": 3.331011746208199,
      "late": 3.8732183161307803,
      "during": 11.782106120717222,
      "after": 3.906246953946325
    },
    "V2-LCB": {
      "mean": 12.810145760348876,
      "delta_pct": -75.86493234239059,
      "early": 3.797036362269669,
      "late": 3.931008568361849,
      "during": 25.04986062763024,
      "after": 3.989137869037246
    },
    "Hybrid": {
      "mean": 7.096688223814316,
      "delta_pct": -86.62942220713234,
      "early": 3.3240778522580343,
      "late": 3.7814283992964555,
      "during": 11.72098750851438,
      "after": 3.8609242426170245
    },
    "Flow-LCB": {
      "mean": 7.090770465524193,
      "delta_pct": -86.64057161162667,
      "early": 3.3240778522580343,
      "late": 3.7840224352993133,
      "during": 11.714712574718387,
      "after": 3.8530772850529718
    },
    "Adapt-\u03b2": {
      "mean": 7.278218192909622,
      "delta_pct": -86.28740907410773,
      "early": 3.251984638070045,
      "late": 3.9008205642024847,
      "during": 12.083704864117616,
      "after": 3.9423866950982016
    }
  }
}