{
  "seed_offset": 0,
  "results": {
    "Static": {
      "mean": 3.5992285535010176,
      "delta_pct": 0.0,
      "early": 3.280952415815437,
      "late": 3.71012167184899,
      "during": 3.983517539784505,
      "after": 3.245152272278985
    },
    "React-UCB": {
      "mean": 3.397766004180981,
      "delta_pct": -5.597381392300611,
      "early": 3.19865794785194,
      "late": 3.313716634797443,
      "during": 3.7060997756551153,
      "after": 3.1243508037941727
    },
    "TS": {
      "mean": 3.455404353154859,
      "delta_pct": -3.995972976105088,
      "early": 3.256843061715417,
      "late": 3.30862089136349,
      "during": 3.8123283574900433,
      "after": 3.122009968700219
    },
    "V1-LCB": {
      "mean": 3.7560253177736183,
      "delta_pct": 4.356399210049676,
      "early": 3.5530550698598047,
      "late": 3.470020697851107,
      "during": 4.161898312975953,
      "after": 3.287272272767215
    },
    "V2-LCB": {
      "mean": 3.7081456412329636,
      "delta_pct": 3.02612312924671,
      "early": 3.5348030132262287,
      "late": 3.4301053489759603,
      "during": 4.0129559994668815,
      "after": 3.5307034873424996
    },
    "Hybrid": {
      "mean": 3.7724681729077014,
      "delta_pct": 4.813243083387171,
      "early": 3.699674678518081,
      "late": 3.464782118331224,
      "during": 4.135352156748828,
      "after": 3.257867185275197
    },
    "Flow-LCB": {
      "mean": 3.7704017161432835,
      "delta_pct": 4.755829203337573,
      "early": 3.6413965355728566,
      "late": 3.462279110735998,
      "during": 4.1368262064187284,
      "after": 3.2506618356572967
    },
    "Adapt-\u03b2": {
      "mean": 3.596038398166,
      "delta_pct": -0.0886344195039978,
      "early": 3.410391859951312,
      "late": 3.306541708216114,
      "during": 3.9870906907632446,
      "after": 3.092167094186591
    }
  }
}