{
  "seed_offset": 3,
  "results": {
    "Static": {
      "mean": 671242.564796597,
      "delta_pct": 0.0,
      "normal": 657671.2392917917,
      "low_wind": 709444.5985263281,
      "recovery": 659345.8678149144
    },
    "TS": {
      "mean": 630506.4201411555,
      "delta_pct": -6.0687666116324985,
      "normal": 593728.7105860623,
      "low_wind": 715933.3467548144,
      "recovery": 610332.8452871428
    },
    "V1-LCB": {
      "mean": 621474.616938679,
      "delta_pct": -7.414301545820309,
      "normal": 593728.7105860623,
      "low_wind": 702127.4282040995,
      "recovery": 595451.9824476822
    },
    "V2-LCB": {
      "mean": 621364.1107779014,
      "delta_pct": -7.430764470934591,
      "normal": 593728.7105860623,
      "low_wind": 701685.4035609888,
      "recovery": 595451.9824476822
    },
    "Hybrid": {
      "mean": 621474.616938679,
      "delta_pct": -7.414301545820309,
      "normal": 593728.7105860623,
      "low_wind": 702127.4282040995,
      "recovery": 595451.9824476822
    },
    "Adapt-\u03b2": {
      "mean": 643935.8759278709,
      "delta_pct": -4.0680806463756864,
      "normal": 593728.7105860623,
      "low_wind": 705997.5291080816,
      "recovery": 652768.6058162056
    },
    "Flow-LCB": {
      "mean": 629255.8496766111,
      "delta_pct": -6.255073399987509,
      "normal": 593728.7105860623,
      "low_wind": 683748.6965022582,
      "recovery": 628454.4242167288
    }
  }
}