{
  "seed_offset": 6,
  "results": {
    "Static": {
      "mean": 663615.1534552015,
      "delta_pct": 0.0,
      "normal": 648004.0917902063,
      "low_wind": 706110.86632069,
      "recovery": 650895.7398765378
    },
    "TS": {
      "mean": 617223.7127628754,
      "delta_pct": -6.990714490285958,
      "normal": 583886.8318460236,
      "low_wind": 712843.7360675136,
      "recovery": 586813.9114766351
    },
    "V1-LCB": {
      "mean": 619993.6668221623,
      "delta_pct": -6.573310812135326,
      "normal": 583886.8318460236,
      "low_wind": 718174.6704472288,
      "recovery": 590646.4993815902
    },
    "V2-LCB": {
      "mean": 613232.8928081561,
      "delta_pct": -7.592090142113758,
      "normal": 583886.8318460236,
      "low_wind": 696880.4562486361,
      "recovery": 586813.9114766351
    },
    "Hybrid": {
      "mean": 619993.6668221623,
      "delta_pct": -6.573310812135326,
      "normal": 583886.8318460236,
      "low_wind": 718174.6704472288,
      "recovery": 590646.4993815902
    },
    "Adapt-\u03b2": {
      "mean": 613448.9438104371,
      "delta_pct": -7.559533471104045,
      "normal": 583886.8318460236,
      "low_wind": 697744.6602577602,
      "recovery": 586813.9114766351
    },
    "Flow-LCB": {
      "mean": 626029.5084428472,
      "delta_pct": -5.663771361557922,
      "normal": 583886.8318460236,
      "low_wind": 698280.5265464117,
      "recovery": 620004.8396372944
    }
  }
}