{
  "seed_offset": 1,
  "results": {
    "Static": {
      "mean": 665194.0818848424,
      "delta_pct": 0.0,
      "normal": 648111.9818462179,
      "low_wind": 707550.7606423966,
      "recovery": 654038.3960850972
    },
    "TS": {
      "mean": 618109.9240671166,
      "delta_pct": -7.078258676672494,
      "normal": 583977.8594972691,
      "low_wind": 709822.7687473252,
      "recovery": 591100.0921834917
    },
    "V1-LCB": {
      "mean": 615361.9681314444,
      "delta_pct": -7.4913645671948155,
      "normal": 583977.8594972691,
      "low_wind": 700436.6073330134,
      "recovery": 590029.6506312407
    },
    "V2-LCB": {
      "mean": 625750.4704609383,
      "delta_pct": -5.929639559050153,
      "normal": 583977.8594972691,
      "low_wind": 716315.65979952,
      "recovery": 607146.2885322198
    },
    "Hybrid": {
      "mean": 615361.9681314444,
      "delta_pct": -7.4913645671948155,
      "normal": 583977.8594972691,
      "low_wind": 700436.6073330134,
      "recovery": 590029.6506312407
    },
    "Adapt-\u03b2": {
      "mean": 615464.0511233963,
      "delta_pct": -7.476018220206491,
      "normal": 583977.8594972691,
      "low_wind": 700844.9393008212,
      "recovery": 590029.6506312407
    },
    "Flow-LCB": {
      "mean": 625326.337096099,
      "delta_pct": -5.993400403650191,
      "normal": 583977.8594972691,
      "low_wind": 690608.676711644,
      "recovery": 623153.2549512323
    }
  }
}