{
  "seed_offset": 0,
  "results": {
    "Static": {
      "mean": 668141.7341211413,
      "delta_pct": 0.0,
      "normal": 652682.4598995281,
      "low_wind": 712389.6736615167,
      "recovery": 654102.3819825036
    },
    "TS": {
      "mean": 625806.4062785244,
      "delta_pct": -6.336279516845894,
      "normal": 588623.7739018378,
      "low_wind": 734872.0939530478,
      "recovery": 590278.5802055289
    },
    "V1-LCB": {
      "mean": 619958.3513266948,
      "delta_pct": -7.211551132608977,
      "normal": 588623.7739018378,
      "low_wind": 711479.874145729,
      "recovery": 590278.5802055289
    },
    "V2-LCB": {
      "mean": 638658.5956120342,
      "delta_pct": -4.412707215167231,
      "normal": 588623.7739018378,
      "low_wind": 718882.7027572657,
      "recovery": 635210.6792254094
    },
    "Hybrid": {
      "mean": 619958.3513266948,
      "delta_pct": -7.211551132608977,
      "normal": 588623.7739018378,
      "low_wind": 711479.874145729,
      "recovery": 590278.5802055289
    },
    "Adapt-\u03b2": {
      "mean": 617550.5584770764,
      "delta_pct": -7.571922701492582,
      "normal": 588623.7739018378,
      "low_wind": 701848.702747255,
      "recovery": 590278.5802055289
    },
    "Flow-LCB": {
      "mean": 631150.3051348187,
      "delta_pct": -5.536464360362147,
      "normal": 588623.7739018378,
      "low_wind": 706837.6333716743,
      "recovery": 623218.617543229
    }
  }
}