{
  "seed_offset": 4,
  "results": {
    "Static": {
      "mean": 668513.8473767734,
      "delta_pct": 0.0,
      "normal": 654457.352162532,
      "low_wind": 712428.3756376087,
      "recovery": 653293.9904171245
    },
    "TS": {
      "mean": 632005.9431071589,
      "delta_pct": -5.4610543091770385,
      "normal": 590443.8397451959,
      "low_wind": 734452.6658867357,
      "recovery": 605270.2312827373
    },
    "V1-LCB": {
      "mean": 644089.0226458433,
      "delta_pct": -3.6536004193140132,
      "normal": 590443.8397451959,
      "low_wind": 720614.6360392717,
      "recovery": 646717.1299508718
    },
    "V2-LCB": {
      "mean": 635154.4469513425,
      "delta_pct": -4.990083684329361,
      "normal": 590443.8397451959,
      "low_wind": 703337.6099347174,
      "recovery": 634409.6121685723
    },
    "Hybrid": {
      "mean": 644089.0226458433,
      "delta_pct": -3.6536004193140132,
      "normal": 590443.8397451959,
      "low_wind": 720614.6360392717,
      "recovery": 646717.1299508718
    },
    "Adapt-\u03b2": {
      "mean": 629550.6680474045,
      "delta_pct": -5.828327936999229,
      "normal": 590443.8397451959,
      "low_wind": 724631.5656477177,
      "recovery": 605270.2312827373
    },
    "Flow-LCB": {
      "mean": 630145.7541587163,
      "delta_pct": -5.739311664015969,
      "normal": 590443.8397451959,
      "low_wind": 701325.2518322509,
      "recovery": 622394.6701232136
    }
  }
}