{
  "seed_offset": 5,
  "results": {
    "Static": {
      "mean": 667859.5462218253,
      "delta_pct": 0.0,
      "normal": 657249.1989347304,
      "low_wind": 704457.9447870078,
      "recovery": 654070.961132132
    },
    "TS": {
      "mean": 627043.0683605277,
      "delta_pct": -6.111536189338322,
      "normal": 593351.02713498,
      "low_wind": 713891.0293027713,
      "recovery": 602836.4689579133
    },
    "V1-LCB": {
      "mean": 614899.0805368193,
      "delta_pct": -7.929880763793936,
      "normal": 593351.02713498,
      "low_wind": 684496.5766334389,
      "recovery": 590048.803207579
    },
    "V2-LCB": {
      "mean": 628025.3890342022,
      "delta_pct": -5.964451270176562,
      "normal": 593351.02713498,
      "low_wind": 712986.2146356113,
      "recovery": 606059.2005324851
    },
    "Hybrid": {
      "mean": 614899.0805368193,
      "delta_pct": -7.929880763793936,
      "normal": 593351.02713498,
      "low_wind": 684496.5766334389,
      "recovery": 590048.803207579
    },
    "Adapt-\u03b2": {
      "mean": 628746.248137398,
      "delta_pct": -5.856515536192698,
      "normal": 593351.02713498,
      "low_wind": 712958.0901397681,
      "recovery": 608000.241138236
    },
    "Flow-LCB": {
      "mean": 613593.1729073018,
      "delta_pct": -8.125417031397685,
      "normal": 593351.02713498,
      "low_wind": 679272.9461153687,
      "recovery": 590048.803207579
    }
  }
}