{
  "seed_offset": 7,
  "results": {
    "Static": {
      "mean": 662747.9474297354,
      "delta_pct": 0.0,
      "normal": 650691.5533022638,
      "low_wind": 703573.5937362831,
      "recovery": 647587.2440195086
    },
    "TS": {
      "mean": 622984.1441709824,
      "delta_pct": -5.999838009753895,
      "normal": 586598.3025985587,
      "low_wind": 712779.0725535133,
      "recovery": 599506.7001550519
    },
    "V1-LCB": {
      "mean": 632079.6760952926,
      "delta_pct": -4.627441164228478,
      "normal": 586598.3025985587,
      "low_wind": 705390.5257526439,
      "recovery": 628687.1498204585
    },
    "V2-LCB": {
      "mean": 626337.5566563092,
      "delta_pct": -5.493851910765293,
      "normal": 586598.3025985587,
      "low_wind": 700434.7597097667,
      "recovery": 616678.6753450878
    },
    "Hybrid": {
      "mean": 632079.6760952926,
      "delta_pct": -4.627441164228478,
      "normal": 586598.3025985587,
      "low_wind": 705390.5257526439,
      "recovery": 628687.1498204585
    },
    "Adapt-\u03b2": {
      "mean": 632079.6760952926,
      "delta_pct": -4.627441164228478,
      "normal": 586598.3025985587,
      "low_wind": 705390.5257526439,
      "recovery": 628687.1498204585
    },
    "Flow-LCB": {
      "mean": 609739.1594176985,
      "delta_pct": -7.998333034091656,
      "normal": 586598.3025985587,
      "low_wind": 683912.291259954,
      "recovery": 583431.2616753347
    }
  }
}