{
  "seed_offset": 2,
  "results": {
    "Static": {
      "mean": 661900.0848217458,
      "delta_pct": 0.0,
      "normal": 645046.8608624531,
      "low_wind": 707936.3074183513,
      "recovery": 648062.4937166347
    },
    "TS": {
      "mean": 611897.4805242552,
      "delta_pct": -7.554403669695345,
      "normal": 580885.2984626777,
      "low_wind": 700391.4659788497,
      "recovery": 583913.6722827692
    },
    "V1-LCB": {
      "mean": 611603.657388427,
      "delta_pct": -7.598794529066118,
      "normal": 580885.2984626777,
      "low_wind": 699216.1734355374,
      "recovery": 583913.6722827692
    },
    "V2-LCB": {
      "mean": 620513.504566861,
      "delta_pct": -6.252692997619191,
      "normal": 580885.2984626777,
      "low_wind": 710711.0105220402,
      "recovery": 600010.0400342579
    },
    "Hybrid": {
      "mean": 611603.657388427,
      "delta_pct": -7.598794529066118,
      "normal": 580885.2984626777,
      "low_wind": 699216.1734355374,
      "recovery": 583913.6722827692
    },
    "Adapt-\u03b2": {
      "mean": 627453.9521447102,
      "delta_pct": -5.2041287600547905,
      "normal": 580885.2984626777,
      "low_wind": 699216.1734355374,
      "recovery": 626181.1249661915
    },
    "Flow-LCB": {
      "mean": 606226.2077552341,
      "delta_pct": -8.411220717928298,
      "normal": 580885.2984626777,
      "low_wind": 677706.3749027658,
      "recovery": 583913.6722827692
    }
  }
}