{
  "seed_offset": 7,
  "results": {
    "Static-NN": {
      "mean": 266.3320460553033,
      "last5": 266.80851315758497,
      "ep_means": [
        267.1297648914686,
        265.27977539849974,
        264.47801859521275,
        268.06532600868394,
        273.3267779786869,
        262.4646425419488,
        260.1169877090964,
        278.5298128192452,
        258.96939502581887,
        262.5776240729639,
        268.98970791558,
        262.18478092910004,
        262.27832047273534,
        273.4912161868611,
        267.0985402836482
      ]
    },
    "TS": {
      "mean": 265.6525000264344,
      "last5": 260.93618928491367,
      "ep_means": [
        267.1297648914686,
        274.1856077370989,
        279.5637068127261,
        280.7562294043185,
        267.5976976757469,
        257.4539332265232,
        267.9039928561638,
        269.642506736847,
        256.93826612731056,
        258.9348485037441,
        265.05020691295226,
        257.4559515722063,
        260.2691851615882,
        262.70063048923004,
        259.2049722885915
      ]
    },
    "V1-LCB": {
      "mean": 265.2326717431977,
      "last5": 260.0785826749564,
      "ep_means": [
        267.1297648914686,
        274.1856077370989,
        279.5637068127261,
        280.7562294043185,
        270.5246418065463,
        258.39948256907684,
        258.3453607308878,
        264.75136147132736,
        260.3114576896407,
        264.12954966009335,
        259.1778300794772,
        252.83345542572866,
        263.0847835565279,
        265.9116901595434,
        259.3851541535048
      ]
    },
    "V2-LCB": {
      "mean": 265.11133915794755,
      "last5": 260.78883855658023,
      "ep_means": [
        267.1297648914686,
        274.1856077370989,
        279.5637068127261,
        280.7562294043185,
        270.60125340511956,
        259.5993846270818,
        259.44524663960726,
        266.26383896468707,
        255.21595317796937,
        259.9649089262351,
        261.22109210833844,
        256.2960430758401,
        259.8092844682721,
        266.89790928177933,
        259.7198638486711
      ]
    },
    "Adapt-\u03b2": {
      "mean": 265.4494202244352,
      "last5": 260.1188157552634,
      "ep_means": [
        267.1297648914686,
        274.1856077370989,
        279.5637068127261,
        280.7562294043185,
        270.5246418065463,
        261.64051668911725,
        261.3000937189803,
        265.72113105827503,
        256.1959828115859,
        264.12954966009335,
        259.78952982706204,
        253.852229932176,
        260.0941935602358,
        265.14051993473095,
        261.71760552211225
      ]
    },
    "Hybrid": {
      "mean": 265.5904286584819,
      "last5": 260.9526214179394,
      "ep_means": [
        267.1297648914686,
        274.1856077370989,
        279.5637068127261,
        280.7562294043185,
        264.3198504845182,
        266.84905645505603,
        259.66886597646084,
        264.75136147132736,
        257.7393298944646,
        264.12954966009335,
        263.02079675360034,
        252.83345542572866,
        263.0847835565279,
        264.0869010125101,
        261.73717034132983
      ]
    },
    "Flow-LCB": {
      "mean": 267.0115096279103,
      "last5": 260.5260727328356,
      "ep_means": [
        267.1297648914686,
        274.1856077370989,
        279.5637068127261,
        280.7562294043185,
        270.5246418065463,
        267.3247241071864,
        263.972966596909,
        271.27725862030957,
        263.4666046999787,
        264.3407760779335,
        259.30647048072393,
        256.0608949577094,
        261.6527050618107,
        263.87312282260405,
        261.73717034132983
      ]
    }
  }
}