{
  "seed_offset": 0,
  "results": {
    "Static-NN": {
      "mean": 301.8208272069946,
      "last5": 301.1204171055696,
      "ep_means": [
        305.0432587408969,
        296.0766656805773,
        303.95688531917096,
        299.96275434140205,
        302.5865428924561,
        304.9126758912367,
        298.64576327277916,
        310.54733384701524,
        300.08698125634464,
        299.89146133519165,
        310.02883159858226,
        303.21845335946847,
        295.96465545282683,
        300.5581914365346,
        295.8319536804358
      ]
    },
    "TS": {
      "mean": 311.82528525230634,
      "last5": 315.3397708460931,
      "ep_means": [
        305.0432587408969,
        314.98827231798896,
        320.69210118694514,
        323.85627154319957,
        312.29998293068365,
        309.3640872620666,
        300.4707773081741,
        311.34657240664745,
        303.4739418295285,
        299.1451590279991,
        319.63912610954407,
        315.0075491913984,
        317.99185251606616,
        313.87590277890274,
        310.18442363455387
      ]
    },
    "V1-LCB": {
      "mean": 305.24317677032536,
      "last5": 299.6301979349396,
      "ep_means": [
        305.0432587408969,
        314.98827231798896,
        320.69210118694514,
        323.85627154319957,
        318.35263002625413,
        299.38861974824897,
        298.4205135160427,
        299.5274201752626,
        296.56456198319904,
        303.6630126421442,
        298.0484655178793,
        297.3477897041854,
        309.6607898936151,
        299.64543337235466,
        293.4485111866634
      ]
    },
    "V2-LCB": {
      "mean": 308.56734355522775,
      "last5": 306.13312100904847,
      "ep_means": [
        305.0432587408969,
        314.98827231798896,
        320.69210118694514,
        323.85627154319957,
        318.35263002625413,
        309.2374837704212,
        298.68672536338914,
        297.8857574127743,
        302.40311438800353,
        306.69893353330065,
        316.3290483019059,
        301.46931700224405,
        306.5218520644178,
        302.87208226160465,
        303.47330541507
      ]
    },
    "Adapt-\u03b2": {
      "mean": 305.9725848838326,
      "last5": 300.42717482881517,
      "ep_means": [
        305.0432587408969,
        314.98827231798896,
        320.69210118694514,
        323.85627154319957,
        310.854187411123,
        313.66091700706863,
        301.8393422762988,
        299.5274201752626,
        299.10160130733584,
        297.8895271472942,
        299.9568371209588,
        298.8647593808561,
        298.2472441691553,
        298.8976023697234,
        306.16943110338195
      ]
    },
    "Hybrid": {
      "mean": 303.70507414097597,
      "last5": 296.52296819798113,
      "ep_means": [
        305.0432587408969,
        314.98827231798896,
        320.69210118694514,
        323.85627154319957,
        301.58801314112685,
        325.0369119184237,
        296.4036333971606,
        291.3526130810302,
        296.01829644253246,
        297.98189935542854,
        312.0967687139667,
        296.8591226767932,
        290.125157039267,
        291.53007158776427,
        292.0037209721146
      ]
    },
    "Flow-LCB": {
      "mean": 309.3361362538143,
      "last5": 296.5555897061198,
      "ep_means": [
        305.0432587408969,
        314.98827231798896,
        320.69210118694514,
        323.85627154319957,
        318.35263002625413,
        318.22195937519024,
        316.32456729093303,
        323.387152053023,
        319.67050397634665,
        296.727378765838,
        301.91885687898537,
        299.2683451025379,
        291.7240422552017,
        295.8844288829138,
        293.9822754109603
      ]
    }
  }
}