{
  "seed_offset": 2,
  "results": {
    "Static-NN": {
      "mean": 267.56346331167055,
      "last5": 266.7807041477307,
      "ep_means": [
        267.9776617340364,
        268.31803725583256,
        268.5294386616373,
        263.22936456675114,
        266.86537850474394,
        265.64028318765247,
        268.62561237072856,
        268.54924657320834,
        265.46906470737935,
        276.34434137443424,
        269.5496816368053,
        264.90478582174677,
        264.6732104211521,
        269.8799382452128,
        264.8959046137369
      ]
    },
    "TS": {
      "mean": 278.2217204962158,
      "last5": 277.99380237994626,
      "ep_means": [
        267.9776617340364,
        275.5824573777812,
        296.76619905084556,
        293.3126302098603,
        278.07444078328757,
        274.69334750610653,
        280.66777784623235,
        265.626279497398,
        264.74256549745604,
        285.91343604050206,
        277.5358242016272,
        264.77656724712455,
        287.72515982892764,
        272.03125781243807,
        287.90020280961375
      ]
    },
    "V1-LCB": {
      "mean": 276.5455458933645,
      "last5": 268.52766306591985,
      "ep_means": [
        267.9776617340364,
        275.5824573777812,
        296.76619905084556,
        293.3126302098603,
        281.3830181599668,
        278.24715150185136,
        286.6889803914504,
        283.86325317481453,
        266.3217637374417,
        275.4017577328197,
        271.65385526527945,
        268.7255381793835,
        264.12493552028855,
        270.43529415506447,
        267.6986922095833
      ]
    },
    "V2-LCB": {
      "mean": 277.03866220565686,
      "last5": 269.82022086258877,
      "ep_means": [
        267.9776617340364,
        275.5824573777812,
        296.76619905084556,
        293.3126302098603,
        281.3830181599668,
        279.34423474126004,
        287.2134355963598,
        269.2165341554032,
        280.783540784799,
        274.899116961598,
        277.9074876323428,
        265.91642472840124,
        267.0527791539859,
        271.2739624381844,
        266.9504503600293
      ]
    },
    "Adapt-\u03b2": {
      "mean": 276.72586622522965,
      "last5": 269.3042483526518,
      "ep_means": [
        267.9776617340364,
        275.5824573777812,
        296.76619905084556,
        293.3126302098603,
        283.3280557340988,
        278.24715150185136,
        282.9786988027063,
        284.4796304932089,
        266.2925089779784,
        275.4017577328197,
        277.6738359991217,
        268.62592950211695,
        264.12493552028855,
        268.7507150139351,
        267.34582572779664
      ]
    },
    "Hybrid": {
      "mean": 276.73345518334764,
      "last5": 273.51516928051143,
      "ep_means": [
        267.9776617340364,
        275.5824573777812,
        296.76619905084556,
        293.3126302098603,
        266.19895082443475,
        274.63562189210427,
        283.32863688316263,
        275.90904976864977,
        277.900846113314,
        271.81392749346884,
        272.5163824237025,
        264.71605641252614,
        276.48383776331264,
        279.9093140669005,
        273.95025573611525
      ]
    },
    "Flow-LCB": {
      "mean": 283.2405913566976,
      "last5": 284.08595023113577,
      "ep_means": [
        267.9776617340364,
        275.5824573777812,
        296.76619905084556,
        293.3126302098603,
        281.3830181599668,
        278.24715150185136,
        284.3364278892665,
        278.8146962539933,
        280.4733697131704,
        291.28550730401514,
        293.6323077158564,
        284.3651476047987,
        280.77119663749284,
        285.7378549941077,
        275.9232442034231
      ]
    }
  }
}