{
  "seed_offset": 3,
  "results": {
    "Static-NN": {
      "mean": 261.20083349776354,
      "last5": 261.65424677210285,
      "ep_means": [
        261.96737740137604,
        264.63871394612204,
        264.60504053017235,
        257.4786437350512,
        259.3919337610874,
        258.6992320741822,
        264.0890548537334,
        258.7117506975254,
        261.5417929541467,
        258.6177286525425,
        263.6704883199877,
        266.26503598374995,
        262.072067216326,
        262.55011603043147,
        253.713526310019
      ]
    },
    "TS": {
      "mean": 265.0080091879462,
      "last5": 262.9050406191062,
      "ep_means": [
        261.96737740137604,
        272.4863686043322,
        279.1941481198042,
        283.9165712057375,
        257.16592475498794,
        257.34300611117857,
        264.2711678162944,
        264.2386928448817,
        263.03519686804606,
        256.9764809970227,
        267.25018447308094,
        262.47008561034806,
        265.0032721268043,
        261.2513184196502,
        258.5503424656475
      ]
    },
    "V1-LCB": {
      "mean": 263.5682643753775,
      "last5": 259.947086639259,
      "ep_means": [
        261.96737740137604,
        272.4863686043322,
        279.1941481198042,
        283.9165712057375,
        260.29660286939645,
        257.31059387008924,
        261.95241902834596,
        255.69648263605504,
        262.2603449806254,
        258.70762371860565,
        258.7319560756758,
        262.4592226571542,
        264.712641976093,
        259.0839568268249,
        254.7476556605472
      ]
    },
    "V2-LCB": {
      "mean": 263.90836494065496,
      "last5": 260.6230962628068,
      "ep_means": [
        261.96737740137604,
        272.4863686043322,
        279.1941481198042,
        283.9165712057375,
        257.57529396047335,
        257.34300611117857,
        257.91868123495254,
        258.8293953660012,
        262.2603449806254,
        264.0188058113093,
        258.7319560756758,
        262.58354190823286,
        264.0551565153022,
        262.1223632585554,
        255.62246355626775
      ]
    },
    "Adapt-\u03b2": {
      "mean": 263.8286431084384,
      "last5": 261.9838972228166,
      "ep_means": [
        261.96737740137604,
        272.4863686043322,
        279.1941481198042,
        283.9165712057375,
        257.57529396047335,
        257.31059387008924,
        257.91868123495254,
        255.69648263605504,
        260.48900207895093,
        260.95564140072264,
        263.56144310242087,
        262.58354190823286,
        266.4736708518258,
        263.58730394158465,
        253.713526310019
      ]
    },
    "Hybrid": {
      "mean": 263.6158826941005,
      "last5": 261.62598696814155,
      "ep_means": [
        261.96737740137604,
        272.4863686043322,
        279.1941481198042,
        283.9165712057375,
        259.3919337610874,
        257.31059387008924,
        257.91868123495254,
        255.69648263605504,
        263.3131358558211,
        254.91301288154472,
        263.6704883199877,
        266.38935523482866,
        260.77231959491246,
        262.55011603043147,
        254.7476556605472
      ]
    },
    "Flow-LCB": {
      "mean": 263.9006931121692,
      "last5": 261.39072909733557,
      "ep_means": [
        261.96737740137604,
        272.4863686043322,
        279.1941481198042,
        283.9165712057375,
        259.3102628726856,
        257.05948251421034,
        258.97858936191335,
        257.4320176339493,
        263.04324413406374,
        258.16868934778887,
        264.54976653811855,
        264.1240028325649,
        261.64041025204153,
        261.8918102034057,
        254.7476556605472
      ]
    }
  }
}