{
  "seed_offset": 6,
  "results": {
    "Static-NN": {
      "mean": 234.82008606294093,
      "last5": 232.68262479567588,
      "ep_means": [
        234.92956555664347,
        247.1585483803523,
        234.32672516327912,
        232.04996769995515,
        241.2911628949424,
        235.28964561319475,
        234.48571894779647,
        234.17941903404102,
        232.49987753994952,
        232.67753613558028,
        232.33092766384775,
        236.48243627507614,
        228.44842351232901,
        232.77630025099694,
        233.3750362761296
      ]
    },
    "TS": {
      "mean": 237.49214784479753,
      "last5": 235.13980024869812,
      "ep_means": [
        234.92956555664347,
        242.487451989632,
        247.12751930086515,
        265.94125226396375,
        235.01372683813764,
        231.62556494452232,
        233.0966495075425,
        232.72554480268096,
        234.23730391659464,
        229.49863730789002,
        235.88694979211763,
        239.92470760126002,
        229.33888368466492,
        234.66329777291085,
        235.88516239253718
      ]
    },
    "V1-LCB": {
      "mean": 236.5518442424899,
      "last5": 233.5682215801151,
      "ep_means": [
        234.92956555664347,
        242.487451989632,
        247.12751930086515,
        265.94125226396375,
        235.3457692933144,
        234.59269667787095,
        230.79620628065453,
        229.41665167556448,
        230.58787994117884,
        229.21156275708535,
        235.49443559831963,
        238.6857250844695,
        226.6496121123745,
        232.35298815538695,
        234.65834695002482
      ]
    },
    "V2-LCB": {
      "mean": 237.1097277118022,
      "last5": 235.31103485186563,
      "ep_means": [
        234.92956555664347,
        242.487451989632,
        247.12751930086515,
        265.94125226396375,
        235.3457692933144,
        234.59269667787095,
        231.331941619483,
        229.27675342103709,
        230.0089451606127,
        229.04884613428231,
        235.8940433970653,
        238.35812497402245,
        231.76530412350502,
        235.1037057890266,
        235.43399597570883
      ]
    },
    "Adapt-\u03b2": {
      "mean": 236.5028710439025,
      "last5": 233.27569229691753,
      "ep_means": [
        234.92956555664347,
        242.487451989632,
        247.12751930086515,
        265.94125226396375,
        235.3457692933144,
        234.59269667787095,
        231.331941619483,
        229.27675342103709,
        230.0089451606127,
        230.1227088905276,
        234.1484946275923,
        238.6857250844695,
        226.6496121123745,
        232.35298815538695,
        234.54164150476444
      ]
    },
    "Hybrid": {
      "mean": 237.15718869917893,
      "last5": 234.71967063000915,
      "ep_means": [
        234.92956555664347,
        242.487451989632,
        247.12751930086515,
        265.94125226396375,
        241.2911628949424,
        234.8767785030991,
        229.5068687425322,
        229.75569634976327,
        229.53282976750074,
        228.31035196869644,
        233.45070050945054,
        239.8053098353348,
        231.98907451670675,
        233.52684806719458,
        234.82642022135897
      ]
    },
    "Flow-LCB": {
      "mean": 237.06350961515753,
      "last5": 235.13983723737095,
      "ep_means": [
        234.92956555664347,
        242.487451989632,
        247.12751930086515,
        265.94125226396375,
        235.3457692933144,
        234.59269667787095,
        231.331941619483,
        229.27675342103709,
        230.0089451606127,
        229.21156275708535,
        235.49443559831963,
        238.6857250844695,
        231.43256193974858,
        235.54482205955273,
        234.54164150476444
      ]
    }
  }
}