{
  "seed_offset": 4,
  "results": {
    "Static-NN": {
      "mean": 267.5145472210313,
      "last5": 266.4331003097102,
      "ep_means": [
        273.670623250577,
        272.95080753529146,
        264.30518696264323,
        266.66036179987094,
        266.7742673589458,
        266.124848342247,
        268.50547888955276,
        266.09887341234673,
        272.0963515882559,
        263.36590762718754,
        268.05189712299165,
        272.378286611946,
        264.57644408253475,
        262.3112461514164,
        264.8476275796622
      ]
    },
    "TS": {
      "mean": 272.0610348196421,
      "last5": 267.0170118996084,
      "ep_means": [
        273.670623250577,
        281.58387459321966,
        283.4573569582508,
        290.4350168755228,
        268.3248955205969,
        270.5161168790801,
        265.9526137221522,
        273.7131196295286,
        269.37105020053934,
        268.8057951671223,
        270.0295808203689,
        271.0140974996551,
        264.0882560885299,
        264.89095121540095,
        265.06217387408725
      ]
    },
    "V1-LCB": {
      "mean": 270.34779214218383,
      "last5": 264.3910740866846,
      "ep_means": [
        273.670623250577,
        281.58387459321966,
        283.4573569582508,
        290.4350168755228,
        270.8179501113524,
        269.0746373798938,
        265.9230368457585,
        265.88031739646254,
        271.47383221030964,
        260.94486607798746,
        264.72410953587024,
        268.45344014545395,
        266.106583789491,
        259.52241747001074,
        263.14881949259706
      ]
    },
    "V2-LCB": {
      "mean": 272.68783228629917,
      "last5": 268.22117319141853,
      "ep_means": [
        273.670623250577,
        281.58387459321966,
        283.4573569582508,
        290.4350168755228,
        270.1100453661264,
        268.93788597834134,
        275.8255441670377,
        266.08770158670166,
        271.65277819961153,
        267.450791362006,
        270.3421188922534,
        269.81172711047725,
        267.8193274590215,
        268.1447148363448,
        264.98797765899565
      ]
    },
    "Adapt-\u03b2": {
      "mean": 270.32925899272965,
      "last5": 264.79662205915645,
      "ep_means": [
        273.670623250577,
        281.58387459321966,
        283.4573569582508,
        290.4350168755228,
        270.1100453661264,
        269.0746373798938,
        266.86318819477515,
        265.05607468522726,
        269.5769251650723,
        261.1280321264969,
        267.5647251002729,
        267.44586326668554,
        266.106583789491,
        259.71711864673586,
        263.14881949259706
      ]
    },
    "Hybrid": {
      "mean": 270.22860965935485,
      "last5": 264.3910740866846,
      "ep_means": [
        273.670623250577,
        281.58387459321966,
        283.4573569582508,
        290.4350168755228,
        268.3781183831157,
        269.0746373798938,
        266.57513133156056,
        265.88031739646254,
        271.47383221030964,
        260.94486607798746,
        264.72410953587024,
        268.45344014545395,
        266.106583789491,
        259.52241747001074,
        263.14881949259706
      ]
    },
    "Flow-LCB": {
      "mean": 273.23277979862524,
      "last5": 268.5640117528789,
      "ep_means": [
        273.670623250577,
        281.58387459321966,
        283.4573569582508,
        290.4350168755228,
        271.1796774440637,
        270.6115049157823,
        270.93334673893025,
        273.8499444095196,
        273.5891272079918,
        266.3611658211268,
        268.00467657320877,
        276.24607331662,
        270.9518830734115,
        264.4686063085573,
        263.14881949259706
      ]
    }
  }
}