{
  "seed_offset": 1,
  "results": {
    "Static-NN": {
      "mean": 278.30698281083477,
      "last5": 279.6063682964583,
      "ep_means": [
        280.2143529419226,
        278.1866481137023,
        276.624010181848,
        275.2140277506718,
        280.87362313174424,
        273.1553164140029,
        278.70727722927586,
        282.17511647720846,
        276.79871191566815,
        274.6238165241856,
        282.49819101719265,
        279.4751164333344,
        277.7270154260852,
        280.00268541798886,
        278.3288331876903
      ]
    },
    "TS": {
      "mean": 288.49095569429693,
      "last5": 283.6272289391335,
      "ep_means": [
        280.2143529419226,
        301.869668827792,
        315.20260287708356,
        331.0447260218853,
        279.04685916239697,
        280.37111024977213,
        280.43891790932474,
        283.10386018867274,
        283.01794200845944,
        274.91815053147684,
        283.01663731275426,
        291.18605365820565,
        283.6453856250786,
        282.0232184832421,
        278.2648496163869
      ]
    },
    "V1-LCB": {
      "mean": 287.6242309723156,
      "last5": 280.38990563085116,
      "ep_means": [
        280.2143529419226,
        301.869668827792,
        315.20260287708356,
        331.0447260218853,
        282.41468818889706,
        280.3767410854962,
        283.1003672093017,
        282.5344619661546,
        279.7826789391299,
        275.8736483728164,
        282.352628703858,
        279.70564710871633,
        278.8987039976772,
        282.8457095823634,
        278.146838761641
      ]
    },
    "V2-LCB": {
      "mean": 287.87687229138623,
      "last5": 282.52326874990024,
      "ep_means": [
        280.2143529419226,
        301.869668827792,
        315.20260287708356,
        331.0447260218853,
        282.41468818889706,
        275.0607136398665,
        279.0815966846106,
        282.7562460991647,
        280.9433220671453,
        276.94882327292476,
        283.8647028318595,
        280.7830321478059,
        282.39442907169706,
        283.8086941548713,
        281.7654855432674
      ]
    },
    "Adapt-\u03b2": {
      "mean": 287.62166906526875,
      "last5": 279.74215353415013,
      "ep_means": [
        280.2143529419226,
        301.869668827792,
        315.20260287708356,
        331.0447260218853,
        282.41468818889706,
        280.3767410854962,
        283.1003672093017,
        283.5626626380149,
        283.01794200845944,
        274.81051650942675,
        280.61366331426404,
        278.40535365292396,
        280.1455237462384,
        281.4664221821834,
        278.0798047751407
      ]
    },
    "Hybrid": {
      "mean": 287.5100293673956,
      "last5": 279.74273553241864,
      "ep_means": [
        280.2143529419226,
        301.869668827792,
        315.20260287708356,
        331.0447260218853,
        281.2752313296076,
        281.195772883884,
        281.74304598458747,
        283.56017416949487,
        283.0218181941317,
        274.80936961845106,
        280.61670673904433,
        278.40365327834843,
        280.1433000574237,
        281.46716239693905,
        278.0828551903377
      ]
    },
    "Flow-LCB": {
      "mean": 289.38329722194817,
      "last5": 283.6128355388896,
      "ep_means": [
        280.2143529419226,
        301.869668827792,
        315.20260287708356,
        331.0447260218853,
        283.426069088552,
        276.4059440885093,
        284.7660237139586,
        284.69138691598107,
        284.52582476981627,
        280.53868138927425,
        286.9548671161867,
        284.3767715953886,
        280.8928128042794,
        287.69288741695226,
        278.146838761641
      ]
    }
  }
}