{
  "seed_offset": 5,
  "results": {
    "Static-NN": {
      "mean": 283.6476906293617,
      "last5": 283.90620156609106,
      "ep_means": [
        282.27316768734653,
        277.05021885281144,
        284.56260794497695,
        286.3010903056455,
        280.8708645669784,
        284.77033708183745,
        286.53949738063943,
        288.3815273449216,
        281.17623716449924,
        283.25880328031354,
        289.0659063456193,
        291.57436531643947,
        286.5925670334856,
        275.3213369531642,
        276.9768321817469
      ]
    },
    "TS": {
      "mean": 289.08438239429773,
      "last5": 286.85952117630933,
      "ep_means": [
        282.27316768734653,
        287.67383335086146,
        311.65792339598556,
        321.57744953338096,
        284.2365365756235,
        283.44803310314654,
        286.27210523662677,
        289.06829350734085,
        276.85425858900055,
        278.90652905360696,
        289.42557162906013,
        291.2816199295456,
        283.5316422232534,
        286.02345211428263,
        284.03531998540495
      ]
    },
    "V1-LCB": {
      "mean": 288.4835895327855,
      "last5": 282.84377077142415,
      "ep_means": [
        282.27316768734653,
        287.67383335086146,
        311.65792339598556,
        321.57744953338096,
        277.9468609632328,
        290.25508982999565,
        292.4075018612922,
        289.92495685264373,
        280.4851043849734,
        278.8331012749506,
        286.2752069848715,
        289.1027619997391,
        283.62077137685094,
        277.3258195541629,
        277.89429394149636
      ]
    },
    "V2-LCB": {
      "mean": 288.6407264134281,
      "last5": 282.8741873139449,
      "ep_means": [
        282.27316768734653,
        287.67383335086146,
        311.65792339598556,
        321.57744953338096,
        279.5098114133668,
        294.21714673310896,
        287.17918630407246,
        290.86057742523553,
        278.2788647083625,
        282.01199907997653,
        285.95908229131635,
        289.1027619997391,
        284.08897878300985,
        277.3258195541629,
        277.89429394149636
      ]
    },
    "Adapt-\u03b2": {
      "mean": 287.76824128730834,
      "last5": 282.5854590820286,
      "ep_means": [
        282.27316768734653,
        287.67383335086146,
        311.65792339598556,
        321.57744953338096,
        277.9468609632328,
        292.38946124203056,
        282.91869025420385,
        290.4345859805911,
        278.09992060391096,
        278.62443088793805,
        285.95908229131635,
        288.5556711486557,
        283.9998496294123,
        278.3375488998879,
        276.0751434408709
      ]
    },
    "Hybrid": {
      "mean": 287.82613238591614,
      "last5": 284.15303706638997,
      "ep_means": [
        282.27316768734653,
        287.67383335086146,
        311.65792339598556,
        321.57744953338096,
        280.262273434635,
        284.9385796591488,
        284.2097105584913,
        289.51575102170364,
        275.8936809273001,
        278.62443088793805,
        293.79697221312335,
        288.5556711486557,
        283.9998496294123,
        278.3375488998879,
        276.0751434408709
      ]
    },
    "Flow-LCB": {
      "mean": 287.9736503630648,
      "last5": 282.9374122526559,
      "ep_means": [
        282.27316768734653,
        287.67383335086146,
        311.65792339598556,
        321.57744953338096,
        277.9468609632328,
        289.4921318863947,
        285.82828812054845,
        290.9842416257525,
        278.6506963442388,
        278.8331012749506,
        286.2752069848715,
        289.1027619997391,
        284.08897878300985,
        277.3258195541629,
        277.89429394149636
      ]
    }
  }
}