{
  "cross_vrp": {
    "Adapt-\u03b2": {
      "n_seeds": 8,
      "mean": 274.2748193538931,
      "std": 19.365770694350296,
      "ci95_lo": 241.2848811551963,
      "ci95_hi": 302.7868247544409
    },
    "Flow-LCB": {
      "n_seeds": 8,
      "mean": 276.3927709186734,
      "std": 20.11176557573304,
      "ci95_lo": 241.76001672713457,
      "ci95_hi": 305.8443894232377
    },
    "Hybrid": {
      "n_seeds": 8,
      "mean": 274.045850098594,
      "std": 18.753986680799617,
      "ci95_lo": 241.7874601482902,
      "ci95_hi": 300.9262593338405
    },
    "Static-NN": {
      "n_seeds": 8,
      "mean": 270.1508095994876,
      "std": 18.056398683128702,
      "ci95_lo": 239.43671686403488,
      "ci95_hi": 298.64052830590884
    },
    "TS": {
      "n_seeds": 8,
      "mean": 275.97950446449215,
      "std": 20.43854668160121,
      "ci95_lo": 242.30742357984855,
      "ci95_hi": 307.8456272521548
    },
    "V1-LCB": {
      "n_seeds": 8,
      "mean": 274.199639459005,
      "std": 19.297283589308236,
      "ci95_lo": 241.27971776574523,
      "ci95_hi": 302.31024900375587
    },
    "V2-LCB": {
      "n_seeds": 8,
      "mean": 275.1176085703004,
      "std": 19.825879977256207,
      "ci95_lo": 241.79948922685145,
      "ci95_hi": 305.0801855554128
    }
  },
  "cross_uc": {
    "Adapt-\u03b2": {
      "n_seeds": 8,
      "mean": 626028.7467204483,
      "std": 9492.38436352772,
      "ci95_lo": 613801.587590205,
      "ci95_hi": 641861.0409571696
    },
    "Flow-LCB": {
      "n_seeds": 8,
      "mean": 621433.2868236658,
      "std": 9335.92771843202,
      "ci95_lo": 606840.9742961654,
      "ci95_hi": 630974.5087140007
    },
    "Hybrid": {
      "n_seeds": 8,
      "mean": 622432.5049856703,
      "std": 9994.17643322929,
      "ci95_lo": 612180.3564393956,
      "ci95_hi": 641987.386999497
    },
    "Static": {
      "n_seeds": 8,
      "mean": 666151.8700134828,
      "std": 3069.7410906347654,
      "ci95_lo": 662048.460778144,
      "ci95_hi": 670765.0392481278
    },
    "TS": {
      "n_seeds": 8,
      "mean": 623197.1374265745,
      "std": 6537.48130231608,
      "ci95_lo": 612829.5711660137,
      "ci95_hi": 631743.5265881083
    },
    "V1-LCB": {
      "n_seeds": 8,
      "mean": 622432.5049856703,
      "std": 9994.17643322929,
      "ci95_lo": 612180.3564393956,
      "ci95_hi": 641987.386999497
    },
    "V2-LCB": {
      "n_seeds": 8,
      "mean": 626129.6208584681,
      "std": 7605.754947823749,
      "ci95_lo": 614506.9998659295,
      "ci95_hi": 638045.3695964131
    }
  },
  "cross_sdn": {
    "Adapt-\u03b2": {
      "n_seeds": 8,
      "mean": 28.077231092103215,
      "std": 20.95315247887708,
      "ci95_lo": 3.764947644571085,
      "ci95_hi": 56.49047951034882
    },
    "Flow-LCB": {
      "n_seeds": 8,
      "mean": 26.999479865119085,
      "std": 19.762894992371642,
      "ci95_lo": 3.9125404709323366,
      "ci95_hi": 51.97287173496496
    },
    "Hybrid": {
      "n_seeds": 8,
      "mean": 26.686439952862756,
      "std": 19.37948311354844,
      "ci95_lo": 3.9142452977629816,
      "ci95_hi": 50.33970560590994
    },
    "React-UCB": {
      "n_seeds": 8,
      "mean": 17.705588018631488,
      "std": 14.686623325476258,
      "ci95_lo": 3.4558717295418906,
      "ci95_hi": 44.50160221339248
    },
    "Static": {
      "n_seeds": 8,
      "mean": 68.51937666096974,
      "std": 42.98022056427113,
      "ci95_lo": 5.117814708778997,
      "ci95_hi": 133.09454593873156
    },
    "TS": {
      "n_seeds": 8,
      "mean": 30.696467133582054,
      "std": 20.01225953020136,
      "ci95_lo": 4.150962781805693,
      "ci95_hi": 56.442581545371844
    },
    "V1-LCB": {
      "n_seeds": 8,
      "mean": 26.821429511005473,
      "std": 19.887974917068618,
      "ci95_lo": 3.9112807259283766,
      "ci95_hi": 56.600302241108466
    },
    "V2-LCB": {
      "n_seeds": 8,
      "mean": 28.45512897898593,
      "std": 20.439577119172146,
      "ci95_lo": 3.6654951756315186,
      "ci95_hi": 62.971465642452166
    }
  },
  "bamcp_sweep": {
    "large_disrupted": {
      "Static": {
        "mean": 73.36,
        "wall_s": 18.10498023033142
      },
      "BAMCP-120": {
        "mean": 94.16,
        "wall_s": 20.59690284729004
      },
      "BAMCP-240": {
        "mean": 101.34,
        "wall_s": 28.72318124771118
      },
      "BAMCP-60": {
        "mean": 101.64,
        "wall_s": 24.368337392807007
      }
    },
    "large_normal": {
      "Static": {
        "mean": 73.3,
        "wall_s": 18.207282066345215
      },
      "BAMCP-120": {
        "mean": 74.02,
        "wall_s": 22.43384337425232
      },
      "BAMCP-240": {
        "mean": 73.66,
        "wall_s": 23.961485862731934
      },
      "BAMCP-60": {
        "mean": 77.34,
        "wall_s": 22.07810068130493
      }
    },
    "small_disrupted": {
      "Static": {
        "mean": 77.52,
        "wall_s": 6.817097187042236
      },
      "BAMCP-120": {
        "mean": 69.4,
        "wall_s": 8.745007276535034
      },
      "BAMCP-240": {
        "mean": 70.7,
        "wall_s": 10.626303434371948
      },
      "BAMCP-60": {
        "mean": 71.9,
        "wall_s": 7.586827516555786
      }
    },
    "small_normal": {
      "Static": {
        "mean": 65.5,
        "wall_s": 6.8249006271362305
      },
      "BAMCP-120": {
        "mean": 64.06,
        "wall_s": 8.331446409225464
      },
      "BAMCP-240": {
        "mean": 63.42,
        "wall_s": 11.200529098510742
      },
      "BAMCP-60": {
        "mean": 65.6,
        "wall_s": 6.8800225257873535
      }
    }
  },
  "multi_day": {
    "Static": {
      "mean_reach": 0.7824338624338625,
      "std_reach": 0.36379813519638,
      "mean_cond": 44.27109412918643,
      "n_obs": 630
    },
    "V1-LCB": {
      "mean_reach": 0.7531922398589065,
      "std_reach": 0.34658873383854993,
      "mean_cond": 35.295356791983785,
      "n_obs": 630
    },
    "V2-LCB": {
      "mean_reach": 0.7551322751322752,
      "std_reach": 0.350412283619624,
      "mean_cond": 35.93322654714443,
      "n_obs": 630
    },
    "V3-Topo": {
      "mean_reach": 0.7551322751322752,
      "std_reach": 0.350412283619624,
      "mean_cond": 35.93322654714443,
      "n_obs": 630
    },
    "DRO": {
      "mean_reach": 0.7424691358024692,
      "std_reach": 0.3631751050729064,
      "mean_cond": 42.165552693741574,
      "n_obs": 630
    },
    "Adaptive-\u03b2": {
      "mean_reach": 0.7531922398589065,
      "std_reach": 0.34658873383854993,
      "mean_cond": 35.295356791983785,
      "n_obs": 630
    }
  }
}